student_name,internal_marks,assignment_score,attendance_percent,exam_percent,actual_category
student,8,10,96,50.2,Average
S01,25,17,45,51.7,Average
S02,22,17,67,60.1,Average
S03,16,9,80,63.6,Average
S04,16,19,67,79.6,Excellent
S05,27,7,64,96.4,Excellent
S06,8,6,45,73.8,Average
S07,23,14,60,75.8,Excellent
S08,11,14,50,35.1,Poor
S09,8,4,54,3.4,Poor
S10,19,17,80,77.5,Excellent
S11,30,5,76,62.7,Average
S12,24,17,75,73.9,Average
S13,25,2,58,48.8,Average
S14,23,17,98,83.2,Excellent
S15,25,16,40,84.4,Excellent
S16,18,16,57,66.3,Average
S17,9,14,42,41.4,Average
S18,26,10,57,54.1,Average
S19,17,15,98,50.2,Average
S20,18,7,59,46.6,Average
S21,15,16,94,69.9,Average
S22,10,12,67,74.9,Average
S23,29,10,81,82.1,Excellent
S24,25,11,65,84.5,Excellent
S25,22,12,52,56.6,Average
S26,16,2,85,35.4,Poor
S27,26,4,98,59.9,Average
S28,19,6,52,41.4,Average
S29,17,4,86,86.1,Excellent
S30,17,10,52,42.1,Average
S31,11,14,82,70.3,Average
S32,8,14,87,43.0,Average
S33,19,10,64,73.2,Average
S34,28,18,83,94.8,Excellent
S35,7,12,52,38.9,Poor
S36,27,3,40,55.7,Average
S37,26,16,41,62.1,Average
S38,12,12,64,58.4,Average
S39,21,14,94,70.8,Average
S40,10,12,43,25.7,Poor
S41,24,12,65,52.6,Average
S42,23,3,81,65.0,Average
S43,14,12,48,72.5,Average
S44,7,17,82,58.6,Average
S45,30,7,55,68.6,Average
S46,17,13,88,72.2,Average
S47,28,2,73,84.7,Excellent
S48,22,8,71,67.4,Average
S49,25,10,46,58.0,Average
S50,24,20,65,96.0,Excellent
S51,10,6,91,55.8,Average
S52,15,7,36,63.6,Average
S53,17,9,85,64.8,Average
S54,18,20,67,55.0,Average
S55,7,18,82,38.4,Poor
S56,19,2,78,77.5,Excellent
S57,9,6,63,64.0,Average
S58,24,17,55,71.2,Average
S59,23,3,76,55.7,Average
S60,29,18,44,99.7,Excellent
S61,24,7,73,51.2,Average
S62,15,19,41,46.0,Average
S63,30,7,77,85.9,Excellent
S64,16,10,76,53.8,Average
S65,14,14,40,50.4,Average
S66,28,4,84,69.9,Average
S67,15,12,62,60.8,Average
S68,7,11,86,69.8,Average
S69,17,16,37,57.9,Average
S70,25,20,46,85.3,Excellent
S71,10,14,67,23.9,Poor
S72,17,9,47,50.2,Average
S73,9,9,56,29.7,Poor
S74,23,9,78,52.1,Average
S75,17,17,44,47.7,Average
S76,14,8,79,50.0,Average
S77,11,5,41,47.9,Average
S78,20,8,46,35.2,Poor
S79,22,2,73,57.8,Average
S80,29,4,87,67.8,Average
S81,16,3,46,37.0,Poor
S82,10,16,54,65.2,Average
S83,26,15,96,94.1,Excellent
S84,21,15,100,99.0,Excellent
S85,23,10,73,66.7,Average
S86,8,15,64,40.2,Average
S87,13,5,57,39.7,Poor
S88,25,19,75,87.1,Excellent
S89,26,11,74,77.4,Excellent
